id,screen_name,friends_count,followers_count,created_at,retweet_count,location,source,text,statuses_count,verified,url
1291341532260376576,Aroca21,1682,489,2012-11-17 12:41:45,1385,,Twitter for Android,"RT @dockaurG: Watch this. 

Then watch it again.

Let what @drsimonegold is courageously saying sink in. Dr. Gold is bravely fighting for y‚Ä¶",,False,https://twitter.com/Aroca21/status/1291341532260376576
1291341165007167488,MojoMusky,2745,2884,2016-02-07 22:39:41,1385,,Twitter for iPhone,"RT @dockaurG: Watch this. 

Then watch it again.

Let what @drsimonegold is courageously saying sink in. Dr. Gold is bravely fighting for y‚Ä¶",,False,https://twitter.com/MojoMusky/status/1291341165007167488
1291341122246266881,Higginsolivia3,271,104,2015-09-29 01:37:20,1385,,Twitter for Android,"RT @dockaurG: Watch this. 

Then watch it again.

Let what @drsimonegold is courageously saying sink in. Dr. Gold is bravely fighting for y‚Ä¶",,False,https://twitter.com/Higginsolivia3/status/1291341122246266881
1291341109029896192,mark_himmer,1801,1369,2018-06-07 02:34:52,854,,Twitter for Android,RT @Sundncefn: @inthecopa Absolutely!  #FauciFraud actually approved it for use in fighting coronaviruses 15 years ago.  Odd that he's now‚Ä¶,,False,https://twitter.com/mark_himmer/status/1291341109029896192
1291341057804754944,XuanCiTse,200,114,2019-05-06 01:54:27,7,,Twitter for Android,"RT @David_F_Priest: @drsimonegold Those against HCQ are either anti-Trump, pro-CCP, or have a conflict of interest seeking to gain financia‚Ä¶",,False,https://twitter.com/XuanCiTse/status/1291341057804754944
1291340902066278400,PKLady22,4972,4243,2012-05-13 17:39:03,1385,,Twitter for Android,"RT @dockaurG: Watch this. 

Then watch it again.

Let what @drsimonegold is courageously saying sink in. Dr. Gold is bravely fighting for y‚Ä¶",,False,https://twitter.com/PKLady22/status/1291340902066278400
1291340894386388992,Powerfactor1,4187,3101,2010-07-22 00:18:39,0,,Twitter Web App,Can‚Äôt refute the Data! Time for the frauds to be held responsible! Scam of Fauci and our fake Big Pharma is now exp‚Ä¶ https://t.co/TtUDygGQbj,,False,https://twitter.com/Powerfactor1/status/1291340894386388992
1291340814237523968,pardonmeplz,4854,2599,2009-03-20 00:08:04,9,,Twitter for Android,"RT @k_helca: @richardursomd @hugodejonge @ihoepelm @SchuitemakerH @zev_dr @MinVWS @jack #ZelenkoProtocol #COVID19 

#HydroxychloroquineSave‚Ä¶",,False,https://twitter.com/pardonmeplz/status/1291340814237523968
1291340765793267712,TrevorRosenfels,8292,7533,2016-03-03 18:51:38,2549,,Twitter for Android,"RT @duncan_colton: Unbelievable. UNACCEPTABLE. 

COVID Doctor @stella_immanuel has been silenced by Big Tech. 

She is a BLACK, female immi‚Ä¶",,False,https://twitter.com/TrevorRosenfels/status/1291340765793267712
1291340631491727360,ElkhornO,4957,3947,2012-03-24 02:41:55,53,,Twitter for iPhone,"RT @paulmuaddib61: ‚ÄºÔ∏èPLEASE READ. THIS IS VERY IMPORTANT‚ÄºÔ∏è
#HCQWorks  Please spread this information 

Go to ""Search"" and type üëâ#QPlusNewsüëà‚Ä¶",,False,https://twitter.com/ElkhornO/status/1291340631491727360
1291340606120370186,tonydewit,314,158,2010-05-06 17:23:22,45,,Twitter for iPhone,"RT @paulmuaddib61: ‚ÄºÔ∏èüëâ#HydrochlorideWorksüëà‚ÄºÔ∏èüëâ #QPlusNews 
Hydrochloride (Arbidol) as an alternative to #HCQWorks 

""Arbidol is able to subs‚Ä¶",,False,https://twitter.com/tonydewit/status/1291340606120370186
1291340457394544642,junte_w,130,212,2014-11-04 19:37:59,177,,Twitter for iPhone,"RT @RoeptoeterMenno: #hcqworks 

@hugodejonge heeft bloed aan zijn handen.

One way ticket to jail.

Bye-bye https://t.co/Ak62FBW3lF",,False,https://twitter.com/junte_w/status/1291340457394544642
1291340377451114496,GeodanNew,2716,3035,2011-02-14 13:51:36,2,,Twitter for Android,"RT @k_helca: @zev_dr Dr.Zelenko, I shared this with the best Dutch lawyer, Professor @gjknoops. I hope he saw this thread; I replied at Dr.‚Ä¶",,False,https://twitter.com/GeodanNew/status/1291340377451114496
1291340238800007168,FreykaSays,1245,1128,2018-04-09 15:40:11,1385,,Twitter Web App,"RT @dockaurG: Watch this. 

Then watch it again.

Let what @drsimonegold is courageously saying sink in. Dr. Gold is bravely fighting for y‚Ä¶",,False,https://twitter.com/FreykaSays/status/1291340238800007168
1291340146344894464,TrevorRosenfels,8292,7533,2016-03-03 18:51:38,1385,,Twitter for Android,"RT @dockaurG: Watch this. 

Then watch it again.

Let what @drsimonegold is courageously saying sink in. Dr. Gold is bravely fighting for y‚Ä¶",,False,https://twitter.com/TrevorRosenfels/status/1291340146344894464
1291339830551617538,k_helca,1279,430,2020-04-05 16:06:28,1,,Twitter Web App,"RT @k_helca: @zev_dr @gjknoops @richardursomd 4007 impressions (**)

#ZelenkoProtocol #HCQworks 
https://t.co/XX5XVXmJq1",,False,https://twitter.com/k_helca/status/1291339830551617538
1291339783919357953,k_helca,1279,430,2020-04-05 16:06:28,1,,Twitter Web App,"@zev_dr @gjknoops @richardursomd 4007 impressions (**)

#ZelenkoProtocol #HCQworks 
https://t.co/XX5XVXmJq1",,False,https://twitter.com/k_helca/status/1291339783919357953
1291339663102353409,zippitib,350,163,2009-11-11 20:27:50,18,,Twitter for iPad,"RT @tan123: ""Officials at Henry Ford Health acknowledge the politicization of the drug has become an obstacle to studying its effects and t‚Ä¶",,False,https://twitter.com/zippitib/status/1291339663102353409
1291339605246001153,Albert26916866,204,112,2020-03-15 16:55:17,1385,,Twitter for iPhone,"RT @dockaurG: Watch this. 

Then watch it again.

Let what @drsimonegold is courageously saying sink in. Dr. Gold is bravely fighting for y‚Ä¶",,False,https://twitter.com/Albert26916866/status/1291339605246001153
1291339105486471169,Nick_Clamorgan,39916,39092,2017-08-25 12:46:19,53,,Twitter for Android,"RT @paulmuaddib61: ‚ÄºÔ∏èPLEASE READ. THIS IS VERY IMPORTANT‚ÄºÔ∏è
#HCQWorks  Please spread this information 

Go to ""Search"" and type üëâ#QPlusNewsüëà‚Ä¶",,False,https://twitter.com/Nick_Clamorgan/status/1291339105486471169
1291339070199693314,Nick_Clamorgan,39916,39092,2017-08-25 12:46:19,83,,Twitter for Android,"RT @paulmuaddib61: @realDonaldTrump @GenFlynn üëâ#QPlusNewsüëà 
#HCQWorks for T2 Diabetes

""A favorable effect of HCQ on glucose &amp; lipid metabo‚Ä¶",,False,https://twitter.com/Nick_Clamorgan/status/1291339070199693314
1291339059873435648,sisung7,1413,141,2012-10-23 03:21:48,1385,,Twitter for iPhone,"RT @dockaurG: Watch this. 

Then watch it again.

Let what @drsimonegold is courageously saying sink in. Dr. Gold is bravely fighting for y‚Ä¶",,False,https://twitter.com/sisung7/status/1291339059873435648
1291339051589668864,Nick_Clamorgan,39916,39092,2017-08-25 12:46:19,83,,Twitter for Android,"RT @paulmuaddib61: @realDonaldTrump @GenFlynn üëâ#QPlusNewsüëà 
#HCQWorks for T2 Diabetes

‚ÄúA reduction in diabetes risk of up to 77% for patie‚Ä¶",,False,https://twitter.com/Nick_Clamorgan/status/1291339051589668864
1291338895330816000,k_helca,1279,430,2020-04-05 16:06:28,2,,Twitter Web App,"RT @k_helca: @zev_dr Dr.Zelenko, I shared this with the best Dutch lawyer, Professor @gjknoops. I hope he saw this thread; I replied at Dr.‚Ä¶",,False,https://twitter.com/k_helca/status/1291338895330816000
1291338761197027328,k_helca,1279,430,2020-04-05 16:06:28,2,,Twitter Web App,"@zev_dr Dr.Zelenko, I shared this with the best Dutch lawyer, Professor @gjknoops. I hope he saw this thread; I rep‚Ä¶ https://t.co/lpbGqXuklU",,False,https://twitter.com/k_helca/status/1291338761197027328
1291338713889308672,q_woken,722,252,2020-04-13 10:26:11,1385,,Twitter for Android,"RT @dockaurG: Watch this. 

Then watch it again.

Let what @drsimonegold is courageously saying sink in. Dr. Gold is bravely fighting for y‚Ä¶",,False,https://twitter.com/q_woken/status/1291338713889308672
1291338625632940037,rags2_richez,814,437,2016-01-09 21:11:43,36,,Twitter for iPhone,RT @EricaMCollazo: We demand hydrocychlproquine be available to Americans OTC!!! @realDonaldTrump  #HCQworks #HCQW0RKS #HCQ4MA,,False,https://twitter.com/rags2_richez/status/1291338625632940037
1291338538529824770,JanAssink,99,93,2010-06-20 07:51:22,1,,Twitter for iPad,RT @Andiesimplelife: @PnPCBC @CPHO_Canada #HCQworks https://t.co/T08rtHrJoN,,False,https://twitter.com/JanAssink/status/1291338538529824770
1291338349043748864,BBeucler,224,99,2011-09-28 18:45:20,1385,,Twitter for iPhone,"RT @dockaurG: Watch this. 

Then watch it again.

Let what @drsimonegold is courageously saying sink in. Dr. Gold is bravely fighting for y‚Ä¶",,False,https://twitter.com/BBeucler/status/1291338349043748864
1291338247398985729,AliceSheppard19,1104,414,2016-12-10 18:48:16,1385,,Twitter for iPhone,"RT @dockaurG: Watch this. 

Then watch it again.

Let what @drsimonegold is courageously saying sink in. Dr. Gold is bravely fighting for y‚Ä¶",,False,https://twitter.com/AliceSheppard19/status/1291338247398985729
1291338093908434944,MicTerpstra,326,172,2012-04-11 22:44:56,0,,Twitter for iPad,"How about ‚Äúdon‚Äôt reopen schools until we have treatment that reduces COVID to near harmless status‚Äù?  

Oh wait...‚Ä¶ https://t.co/4XoqCPSNfH",,False,https://twitter.com/MicTerpstra/status/1291338093908434944
1291337660074729472,Nick29210822,350,24,2018-11-25 11:35:33,1385,,Twitter for Android,"RT @dockaurG: Watch this. 

Then watch it again.

Let what @drsimonegold is courageously saying sink in. Dr. Gold is bravely fighting for y‚Ä¶",,False,https://twitter.com/Nick29210822/status/1291337660074729472
1291337418415788034,SmartHomeWizard,468,117,2017-11-20 19:47:32,1385,,Twitter for Android,"RT @dockaurG: Watch this. 

Then watch it again.

Let what @drsimonegold is courageously saying sink in. Dr. Gold is bravely fighting for y‚Ä¶",,False,https://twitter.com/SmartHomeWizard/status/1291337418415788034
1291337204883742721,DonnaRe86396356,6599,6087,2018-11-07 13:58:50,83,,Twitter for Android,"RT @paulmuaddib61: @realDonaldTrump @GenFlynn üëâ#QPlusNewsüëà 
#HCQWorks for T2 Diabetes

‚ÄúA reduction in diabetes risk of up to 77% for patie‚Ä¶",,False,https://twitter.com/DonnaRe86396356/status/1291337204883742721
1291337199632424962,LCG_Tiamat,211,89,2016-01-18 22:07:23,1385,,Twitter for iPhone,"RT @dockaurG: Watch this. 

Then watch it again.

Let what @drsimonegold is courageously saying sink in. Dr. Gold is bravely fighting for y‚Ä¶",,False,https://twitter.com/LCG_Tiamat/status/1291337199632424962
1291336551276974080,NightStar44,19487,19240,2009-11-04 09:49:33,1385,,Twitter for iPad,"RT @dockaurG: Watch this. 

Then watch it again.

Let what @drsimonegold is courageously saying sink in. Dr. Gold is bravely fighting for y‚Ä¶",,False,https://twitter.com/NightStar44/status/1291336551276974080
1291336546247942144,thuyzoomynguye1,532,138,2017-01-26 17:34:01,443,,Twitter Web App,RT @richardursomd: I have a lot of older patients. They are living in complete fear of this virus. The message they hear is ‚ÄúCOVID IS HUNTI‚Ä¶,,False,https://twitter.com/thuyzoomynguye1/status/1291336546247942144
1291336546004733954,k_helca,1279,430,2020-04-05 16:06:28,0,,Twitter Web App,"@JohnDiBernardo1 @drsimonegold @joepalojoe Premeditated murder 
#COVID19 #HCQworks

#Fauci #FauciLiedPeopleDied
https://t.co/tQoniUTFV6",,False,https://twitter.com/k_helca/status/1291336546004733954
1291336529869254659,RuthAntebiGuten,4990,3115,2008-11-02 16:55:02,45,,Twitter for iPhone,"RT @paulmuaddib61: ‚ÄºÔ∏èüëâ#HydrochlorideWorksüëà‚ÄºÔ∏èüëâ #QPlusNews 
Hydrochloride (Arbidol) as an alternative to #HCQWorks 

""Arbidol is able to subs‚Ä¶",,False,https://twitter.com/RuthAntebiGuten/status/1291336529869254659
1291336371731410944,OYNUhAYVx1uJBxK,292,192,2019-11-09 10:02:01,8,,Twitter for Android,"RT @David_F_Priest: Those against HCQ are either anti-Trump, pro-CCP, or have a conflict of interest seeking to gain financially with profi‚Ä¶",,False,https://twitter.com/OYNUhAYVx1uJBxK/status/1291336371731410944
1291336331633856513,juliecraighead,1628,821,2011-01-05 21:19:03,1385,,Twitter Web App,"RT @dockaurG: Watch this. 

Then watch it again.

Let what @drsimonegold is courageously saying sink in. Dr. Gold is bravely fighting for y‚Ä¶",,False,https://twitter.com/juliecraighead/status/1291336331633856513
1291336158690107392,LCG_Tiamat,211,89,2016-01-18 22:07:23,696,,Twitter for iPhone,"RT @dockaurG: #FactsNotFear 

-Strong, pre-existing, long-lasting, cross-protective #TCellImmunity against #SARSCoV2 &amp; strong T-cell immune‚Ä¶",,False,https://twitter.com/LCG_Tiamat/status/1291336158690107392
1291335874836418561,lynette67746779,303,295,2018-10-21 09:51:58,1385,,Twitter Web App,"RT @dockaurG: Watch this. 

Then watch it again.

Let what @drsimonegold is courageously saying sink in. Dr. Gold is bravely fighting for y‚Ä¶",,False,https://twitter.com/lynette67746779/status/1291335874836418561
1291335376066482177,lme644,523,2347,2017-03-18 00:24:23,47,,Twitter Web App,"RT @paulmuaddib61: üëâ#HCQWorks   Effective Against SARS-CoV   Part 2‚É£
üëâ#QPlusNews https://t.co/QUjQReaLlN",,False,https://twitter.com/lme644/status/1291335376066482177
1291335086441259009,weblollipop1,4411,4049,2009-10-19 17:55:44,83,,Twitter Web App,"RT @paulmuaddib61: @realDonaldTrump @GenFlynn üëâ#QPlusNewsüëà 
#HCQWorks for T2 Diabetes

""A favorable effect of HCQ on glucose &amp; lipid metabo‚Ä¶",,False,https://twitter.com/weblollipop1/status/1291335086441259009
1291334753275322368,lschulz01,2737,2095,2016-06-05 06:45:28,443,,Twitter Web App,RT @richardursomd: I have a lot of older patients. They are living in complete fear of this virus. The message they hear is ‚ÄúCOVID IS HUNTI‚Ä¶,,False,https://twitter.com/lschulz01/status/1291334753275322368
1291334483543810048,JanetOwens1000,1045,611,2020-02-10 23:50:28,83,,Twitter for iPhone,"RT @paulmuaddib61: @realDonaldTrump @GenFlynn üëâ#QPlusNewsüëà 
#HCQWorks for T2 Diabetes

""A favorable effect of HCQ on glucose &amp; lipid metabo‚Ä¶",,False,https://twitter.com/JanetOwens1000/status/1291334483543810048
1291334349187678208,FeMaiden64,505,446,2017-08-26 02:22:56,1385,,Twitter for iPad,"RT @dockaurG: Watch this. 

Then watch it again.

Let what @drsimonegold is courageously saying sink in. Dr. Gold is bravely fighting for y‚Ä¶",,False,https://twitter.com/FeMaiden64/status/1291334349187678208
1291334284381323264,2salts,1180,636,2010-02-24 04:57:11,1385,,Twitter for iPhone,"RT @dockaurG: Watch this. 

Then watch it again.

Let what @drsimonegold is courageously saying sink in. Dr. Gold is bravely fighting for y‚Ä¶",,False,https://twitter.com/2salts/status/1291334284381323264
1291334014880690182,FightingLA04,4454,4105,2016-05-24 19:30:00,104,,Twitter for iPhone,RT @k_helca: @richardursomd @hugodejonge @ihoepelm @SchuitemakerH @zev_dr @MinVWS @jack @gjknoops @rivm @MinPres #ZelenkoProtocol #COVID19‚Ä¶,,False,https://twitter.com/FightingLA04/status/1291334014880690182
1291333952377098240,drclgrab,778,1223,2012-11-18 03:23:46,45,,Twitter for iPhone,"RT @paulmuaddib61: ‚ÄºÔ∏èüëâ#HydrochlorideWorksüëà‚ÄºÔ∏èüëâ #QPlusNews 
Hydrochloride (Arbidol) as an alternative to #HCQWorks 

""Arbidol is able to subs‚Ä¶",,False,https://twitter.com/drclgrab/status/1291333952377098240
1291333948967198720,Itsme2k17,2215,1558,2017-02-22 05:00:27,74,,Twitter for iPhone,"RT @paulmuaddib61: ‚ÄºÔ∏èPLEASE READ. THIS IS VERY IMPORTANT‚ÄºÔ∏è
#HCQWorks  Please spread this information 

Go to ""Search Twtter"" (top right) üëâ#‚Ä¶",,False,https://twitter.com/Itsme2k17/status/1291333948967198720
1291333634142736385,Eveleenrey,346,593,2017-04-07 21:17:24,24,,Twitter for Android,RT @paulmuaddib61: @Charitable_Fury @seraphina416 @AndrewLazarus4 @RCPrentice @Slickfoot2 @thefoxygoddess @crabb_vicki @FrankDElia7 @Mcquad‚Ä¶,,False,https://twitter.com/Eveleenrey/status/1291333634142736385
1291333606267400199,Queeni_Martini,1410,841,2015-11-12 11:25:39,83,,Twitter for iPhone,"RT @paulmuaddib61: @realDonaldTrump @GenFlynn üëâ#QPlusNewsüëà 
#HCQWorks for T2 Diabetes

‚ÄúA reduction in diabetes risk of up to 77% for patie‚Ä¶",,False,https://twitter.com/Queeni_Martini/status/1291333606267400199
1291333537967362049,Queeni_Martini,1410,841,2015-11-12 11:25:39,23,,Twitter for iPhone,"RT @paulmuaddib61: @realdonaldtrump @genflynn üëâ#QPlusNewsüëà #HCQWorks for Graft-v-Host Disease

""HCQ ability to reduce the cytotoxicity, pro‚Ä¶",,False,https://twitter.com/Queeni_Martini/status/1291333537967362049
1291333307351928834,Marsje9,229,77,2020-03-18 15:11:10,45,,Twitter for Android,"RT @paulmuaddib61: ‚ÄºÔ∏èüëâ#HydrochlorideWorksüëà‚ÄºÔ∏èüëâ #QPlusNews 
Hydrochloride (Arbidol) as an alternative to #HCQWorks 

""Arbidol is able to subs‚Ä¶",,False,https://twitter.com/Marsje9/status/1291333307351928834
1291333192922914817,c75446144,182,91,2018-10-07 18:28:28,396,,Twitter for iPhone,"RT @paulmuaddib61: #HCQWorks #QPlusNews 

HIV, Q fever, fungal infections, rheumatological, cardiovascular, kidney, diabetes, insulin, thro‚Ä¶",,False,https://twitter.com/c75446144/status/1291333192922914817
1291333169170518016,DianneBagdansk1,163,31,2019-02-25 17:25:16,7,,Twitter for iPad,"RT @David_F_Priest: @drsimonegold Those against HCQ are either anti-Trump, pro-CCP, or have a conflict of interest seeking to gain financia‚Ä¶",,False,https://twitter.com/DianneBagdansk1/status/1291333169170518016
1291333138652766208,JanetOwens1000,1045,611,2020-02-10 23:50:28,83,,Twitter for iPhone,"RT @paulmuaddib61: @realDonaldTrump @GenFlynn üëâ#QPlusNewsüëà 
#HCQWorks for T2 Diabetes

‚ÄúA reduction in diabetes risk of up to 77% for patie‚Ä¶",,False,https://twitter.com/JanetOwens1000/status/1291333138652766208
1291332547830480896,Josbowm,11473,11319,2015-06-15 15:41:49,83,,Twitter Web App,"RT @paulmuaddib61: @realDonaldTrump @GenFlynn üëâ#QPlusNewsüëà 
#HCQWorks for T2 Diabetes

‚ÄúA reduction in diabetes risk of up to 77% for patie‚Ä¶",,False,https://twitter.com/Josbowm/status/1291332547830480896
1291332104572350475,rags2_richez,814,437,2016-01-09 21:11:43,203,,Twitter for iPhone,RT @HaleyHa57948899: We demand hydrocychlproquine be available to Americans OTC!!! @realDonaldTrump  #HCQworks #HCQW0RKS,,False,https://twitter.com/rags2_richez/status/1291332104572350475
1291332098066993152,2ChristineD,1452,1322,2020-02-14 18:21:16,53,,Twitter for iPhone,"RT @paulmuaddib61: ‚ÄºÔ∏èPLEASE READ. THIS IS VERY IMPORTANT‚ÄºÔ∏è
#HCQWorks  Please spread this information 

Go to ""Search"" and type üëâ#QPlusNewsüëà‚Ä¶",,False,https://twitter.com/2ChristineD/status/1291332098066993152
1291332000851386369,vlaadBook,713,384,2011-12-13 16:36:35,1385,,Twitter Web App,"RT @dockaurG: Watch this. 

Then watch it again.

Let what @drsimonegold is courageously saying sink in. Dr. Gold is bravely fighting for y‚Ä¶",,False,https://twitter.com/vlaadBook/status/1291332000851386369
1291331866390401024,2ChristineD,1452,1322,2020-02-14 18:21:16,83,,Twitter for iPhone,"RT @paulmuaddib61: @realDonaldTrump @GenFlynn üëâ#QPlusNewsüëà 
#HCQWorks for T2 Diabetes

""A favorable effect of HCQ on glucose &amp; lipid metabo‚Ä¶",,False,https://twitter.com/2ChristineD/status/1291331866390401024
1291331842143129600,2ChristineD,1452,1322,2020-02-14 18:21:16,83,,Twitter for iPhone,"RT @paulmuaddib61: @realDonaldTrump @GenFlynn üëâ#QPlusNewsüëà 
#HCQWorks for T2 Diabetes

‚ÄúA reduction in diabetes risk of up to 77% for patie‚Ä¶",,False,https://twitter.com/2ChristineD/status/1291331842143129600
1291331826787799040,2ChristineD,1452,1322,2020-02-14 18:21:16,45,,Twitter for iPhone,"RT @paulmuaddib61: ‚ÄºÔ∏èüëâ#HydrochlorideWorksüëà‚ÄºÔ∏èüëâ #QPlusNews 
Hydrochloride (Arbidol) as an alternative to #HCQWorks 

""Arbidol is able to subs‚Ä¶",,False,https://twitter.com/2ChristineD/status/1291331826787799040
1291331638257782790,SaigeWillow,259,217,2013-02-03 02:16:38,45,,Twitter for iPhone,"RT @paulmuaddib61: ‚ÄºÔ∏èüëâ#HydrochlorideWorksüëà‚ÄºÔ∏èüëâ #QPlusNews 
Hydrochloride (Arbidol) as an alternative to #HCQWorks 

""Arbidol is able to subs‚Ä¶",,False,https://twitter.com/SaigeWillow/status/1291331638257782790
1291331533995823104,nationstealer,229,102,2017-10-06 04:59:48,8,,Twitter for iPhone,"RT @David_F_Priest: Those against HCQ are either anti-Trump, pro-CCP, or have a conflict of interest seeking to gain financially with profi‚Ä¶",,False,https://twitter.com/nationstealer/status/1291331533995823104
1291331460763443201,GauvreauGary,474,234,2019-05-02 00:00:52,45,,Twitter for Android,"RT @paulmuaddib61: ‚ÄºÔ∏èüëâ#HydrochlorideWorksüëà‚ÄºÔ∏èüëâ #QPlusNews 
Hydrochloride (Arbidol) as an alternative to #HCQWorks 

""Arbidol is able to subs‚Ä¶",,False,https://twitter.com/GauvreauGary/status/1291331460763443201
1291331392261980161,debcotham,629,177,2011-08-27 13:10:22,1385,,Twitter for Android,"RT @dockaurG: Watch this. 

Then watch it again.

Let what @drsimonegold is courageously saying sink in. Dr. Gold is bravely fighting for y‚Ä¶",,False,https://twitter.com/debcotham/status/1291331392261980161
1291331312192753664,Itsme2k17,2215,1558,2017-02-22 05:00:27,45,,Twitter for iPhone,"RT @paulmuaddib61: ‚ÄºÔ∏èüëâ#HydrochlorideWorksüëà‚ÄºÔ∏èüëâ #QPlusNews 
Hydrochloride (Arbidol) as an alternative to #HCQWorks 

""Arbidol is able to subs‚Ä¶",,False,https://twitter.com/Itsme2k17/status/1291331312192753664
1291331158865838081,MTtony1980,153,97,2015-11-06 13:54:37,1385,,Twitter for iPhone,"RT @dockaurG: Watch this. 

Then watch it again.

Let what @drsimonegold is courageously saying sink in. Dr. Gold is bravely fighting for y‚Ä¶",,False,https://twitter.com/MTtony1980/status/1291331158865838081
1291331050723897344,Catseye61972900,473,110,2018-10-01 01:05:42,8,,Twitter Web App,"RT @David_F_Priest: Those against HCQ are either anti-Trump, pro-CCP, or have a conflict of interest seeking to gain financially with profi‚Ä¶",,False,https://twitter.com/Catseye61972900/status/1291331050723897344
1291330980905734149,LesleyFleming54,716,342,2016-07-27 17:19:59,1385,,Twitter for iPad,"RT @dockaurG: Watch this. 

Then watch it again.

Let what @drsimonegold is courageously saying sink in. Dr. Gold is bravely fighting for y‚Ä¶",,False,https://twitter.com/LesleyFleming54/status/1291330980905734149
1291330901830332416,Wideawa62267082,616,245,2019-07-28 01:40:45,45,,Twitter for Android,"RT @paulmuaddib61: ‚ÄºÔ∏èüëâ#HydrochlorideWorksüëà‚ÄºÔ∏èüëâ #QPlusNews 
Hydrochloride (Arbidol) as an alternative to #HCQWorks 

""Arbidol is able to subs‚Ä¶",,False,https://twitter.com/Wideawa62267082/status/1291330901830332416
1291330858549305344,naturalperson5,80,22,2020-06-10 04:58:59,7,,Twitter for iPhone,"RT @David_F_Priest: @drsimonegold Those against HCQ are either anti-Trump, pro-CCP, or have a conflict of interest seeking to gain financia‚Ä¶",,False,https://twitter.com/naturalperson5/status/1291330858549305344
1291330858247430145,PatHowells1,228,34,2011-09-27 19:57:39,443,,Twitter for iPhone,RT @richardursomd: I have a lot of older patients. They are living in complete fear of this virus. The message they hear is ‚ÄúCOVID IS HUNTI‚Ä¶,,False,https://twitter.com/PatHowells1/status/1291330858247430145
1291330582614618112,nepatriots20,1267,1070,2015-01-27 01:46:42,83,,Twitter for iPad,"RT @paulmuaddib61: @realDonaldTrump @GenFlynn üëâ#QPlusNewsüëà 
#HCQWorks for T2 Diabetes

""A favorable effect of HCQ on glucose &amp; lipid metabo‚Ä¶",,False,https://twitter.com/nepatriots20/status/1291330582614618112
1291330485491322881,surveilz,30,1635,2014-02-23 13:33:47,1385,,Twitter Web App,"RT @dockaurG: Watch this. 

Then watch it again.

Let what @drsimonegold is courageously saying sink in. Dr. Gold is bravely fighting for y‚Ä¶",,False,https://twitter.com/surveilz/status/1291330485491322881
1291330465689993216,Lacyangel101,895,498,2017-12-27 02:51:33,45,,Twitter for Android,"RT @paulmuaddib61: ‚ÄºÔ∏èüëâ#HydrochlorideWorksüëà‚ÄºÔ∏èüëâ #QPlusNews 
Hydrochloride (Arbidol) as an alternative to #HCQWorks 

""Arbidol is able to subs‚Ä¶",,False,https://twitter.com/Lacyangel101/status/1291330465689993216
1291330406273482753,TheFreeScot,836,414,2012-08-05 18:55:48,45,,Twitter for Android,"RT @paulmuaddib61: ‚ÄºÔ∏èüëâ#HydrochlorideWorksüëà‚ÄºÔ∏èüëâ #QPlusNews 
Hydrochloride (Arbidol) as an alternative to #HCQWorks 

""Arbidol is able to subs‚Ä¶",,False,https://twitter.com/TheFreeScot/status/1291330406273482753
1291330370953252865,nepatriots20,1267,1070,2015-01-27 01:46:42,53,,Twitter for iPad,"RT @paulmuaddib61: ‚ÄºÔ∏èPLEASE READ. THIS IS VERY IMPORTANT‚ÄºÔ∏è
#HCQWorks  Please spread this information 

Go to ""Search"" and type üëâ#QPlusNewsüëà‚Ä¶",,False,https://twitter.com/nepatriots20/status/1291330370953252865
1291330317798854657,MStephani8,447,249,2020-07-23 16:34:02,45,,Twitter for iPhone,"RT @paulmuaddib61: ‚ÄºÔ∏èüëâ#HydrochlorideWorksüëà‚ÄºÔ∏èüëâ #QPlusNews 
Hydrochloride (Arbidol) as an alternative to #HCQWorks 

""Arbidol is able to subs‚Ä¶",,False,https://twitter.com/MStephani8/status/1291330317798854657
1291330293119492097,picheg,691,106,2009-02-22 02:59:59,83,,Twitter for iPad,"RT @paulmuaddib61: @realDonaldTrump @GenFlynn üëâ#QPlusNewsüëà 
#HCQWorks for T2 Diabetes

""A favorable effect of HCQ on glucose &amp; lipid metabo‚Ä¶",,False,https://twitter.com/picheg/status/1291330293119492097
1291330202560344066,brittandbay,239,415,2009-07-08 17:13:48,1385,,Twitter Web App,"RT @dockaurG: Watch this. 

Then watch it again.

Let what @drsimonegold is courageously saying sink in. Dr. Gold is bravely fighting for y‚Ä¶",,False,https://twitter.com/brittandbay/status/1291330202560344066
1291330186311536646,BlueCollarBob30,2522,2629,2016-12-26 01:32:46,45,,Twitter for iPhone,"RT @paulmuaddib61: ‚ÄºÔ∏èüëâ#HydrochlorideWorksüëà‚ÄºÔ∏èüëâ #QPlusNews 
Hydrochloride (Arbidol) as an alternative to #HCQWorks 

""Arbidol is able to subs‚Ä¶",,False,https://twitter.com/BlueCollarBob30/status/1291330186311536646
1291330075275788288,Queeni_Martini,1410,841,2015-11-12 11:25:39,45,,Twitter for iPhone,"RT @paulmuaddib61: ‚ÄºÔ∏èüëâ#HydrochlorideWorksüëà‚ÄºÔ∏èüëâ #QPlusNews 
Hydrochloride (Arbidol) as an alternative to #HCQWorks 

""Arbidol is able to subs‚Ä¶",,False,https://twitter.com/Queeni_Martini/status/1291330075275788288
1291330052093693952,72_edge,380,280,2020-07-28 22:25:46,45,,Twitter for iPhone,"RT @paulmuaddib61: ‚ÄºÔ∏èüëâ#HydrochlorideWorksüëà‚ÄºÔ∏èüëâ #QPlusNews 
Hydrochloride (Arbidol) as an alternative to #HCQWorks 

""Arbidol is able to subs‚Ä¶",,False,https://twitter.com/72_edge/status/1291330052093693952
1291330005545492484,martingeddes,19025,190480,2007-12-23 14:55:57,45,,Twitter for iPhone,"RT @paulmuaddib61: ‚ÄºÔ∏èüëâ#HydrochlorideWorksüëà‚ÄºÔ∏èüëâ #QPlusNews 
Hydrochloride (Arbidol) as an alternative to #HCQWorks 

""Arbidol is able to subs‚Ä¶",,False,https://twitter.com/martingeddes/status/1291330005545492484
1291329927258812416,M_Iavecchia,359,62,2011-10-14 00:21:54,0,,Twitter for iPhone,"@CNN Mr Trump, reopen this Country!
#FakeChineseVirusCrisis
#MasksOffAmerica 
#GoBackToSchool
#GoBackToWork‚Ä¶ https://t.co/xSjU5H9kwG",,False,https://twitter.com/M_Iavecchia/status/1291329927258812416
1291329757142016003,wrs1260,4485,4393,2015-10-21 19:59:57,74,,Twitter for iPhone,"RT @paulmuaddib61: ‚ÄºÔ∏èPLEASE READ. THIS IS VERY IMPORTANT‚ÄºÔ∏è
#HCQWorks  Please spread this information 

Go to ""Search Twtter"" (top right) üëâ#‚Ä¶",,False,https://twitter.com/wrs1260/status/1291329757142016003
1291329728821907456,gsgf7777,401,46,2020-08-03 09:25:06,7,,Twitter for iPhone,"RT @David_F_Priest: @drsimonegold Those against HCQ are either anti-Trump, pro-CCP, or have a conflict of interest seeking to gain financia‚Ä¶",,False,https://twitter.com/gsgf7777/status/1291329728821907456
1291329501016870913,wrs1260,4485,4393,2015-10-21 19:59:57,53,,Twitter for iPhone,"RT @paulmuaddib61: ‚ÄºÔ∏èPLEASE READ. THIS IS VERY IMPORTANT‚ÄºÔ∏è
#HCQWorks  Please spread this information 

Go to ""Search"" and type üëâ#QPlusNewsüëà‚Ä¶",,False,https://twitter.com/wrs1260/status/1291329501016870913
1291329398310875136,Peter__Redecop,448,133,2014-01-07 15:46:32,1385,,Twitter for Android,"RT @dockaurG: Watch this. 

Then watch it again.

Let what @drsimonegold is courageously saying sink in. Dr. Gold is bravely fighting for y‚Ä¶",,False,https://twitter.com/Peter__Redecop/status/1291329398310875136
1291329301565116416,JcHimalaya2625,830,208,2016-03-22 21:08:13,1385,,Twitter for iPhone,"RT @dockaurG: Watch this. 

Then watch it again.

Let what @drsimonegold is courageously saying sink in. Dr. Gold is bravely fighting for y‚Ä¶",,False,https://twitter.com/JcHimalaya2625/status/1291329301565116416
1291329264298516481,Mortlach1,222,157,2012-06-11 03:40:17,1,,Twitter for iPhone,"RT @mHKP3IROC2a0wdB: @ellymelly Those against HCQ are either anti-Trump, pro-CCP, or have a conflict of interest seeking to gain financiall‚Ä¶",,False,https://twitter.com/Mortlach1/status/1291329264298516481
1291328735719968769,AnnFarnsworth,680,734,2012-01-14 12:52:30,83,,Twitter for Android,"RT @paulmuaddib61: @realDonaldTrump @GenFlynn üëâ#QPlusNewsüëà 
#HCQWorks for T2 Diabetes

‚ÄúA reduction in diabetes risk of up to 77% for patie‚Ä¶",,False,https://twitter.com/AnnFarnsworth/status/1291328735719968769
1291328726144344064,LindaSellsFla,4020,4651,2009-03-30 15:06:30,83,,Twitter for Android,"RT @paulmuaddib61: @realDonaldTrump @GenFlynn üëâ#QPlusNewsüëà 
#HCQWorks for T2 Diabetes

""A favorable effect of HCQ on glucose &amp; lipid metabo‚Ä¶",,False,https://twitter.com/LindaSellsFla/status/1291328726144344064
1291328587606286336,mHKP3IROC2a0wdB,867,329,2020-04-24 00:03:51,0,,Twitter for Android,"@jasemurphy @GrogsGamut @australian Those against HCQ are either anti-Trump, pro-CCP, or have a conflict of interes‚Ä¶ https://t.co/4PWtD9Za0l",,False,https://twitter.com/mHKP3IROC2a0wdB/status/1291328587606286336
1291328433675542528,nspec2a,386,360,2013-11-08 09:38:23,6,,Twitter for iPhone,"RT @PoliticsPleb: What a surprise, @stella_immanuel and the other American doctors who put their livelihoods on the line were more than lik‚Ä¶",,False,https://twitter.com/nspec2a/status/1291328433675542528
1291328364683227139,DasilvaStepp,386,41,2020-05-24 13:20:26,7,,Twitter Web App,"RT @David_F_Priest: @drsimonegold Those against HCQ are either anti-Trump, pro-CCP, or have a conflict of interest seeking to gain financia‚Ä¶",,False,https://twitter.com/DasilvaStepp/status/1291328364683227139
1291328354096881664,mHKP3IROC2a0wdB,867,329,2020-04-24 00:03:51,0,,Twitter for Android,"@9NewsAUS @andrew_lund Those against HCQ are either anti-Trump, pro-CCP, or have a conflict of interest seeking to‚Ä¶ https://t.co/oTvqHv42wy",,False,https://twitter.com/mHKP3IROC2a0wdB/status/1291328354096881664
1291328226472722434,SaraHaboubi1,208,117,2020-07-09 17:13:45,1385,,Twitter for iPhone,"RT @dockaurG: Watch this. 

Then watch it again.

Let what @drsimonegold is courageously saying sink in. Dr. Gold is bravely fighting for y‚Ä¶",,False,https://twitter.com/SaraHaboubi1/status/1291328226472722434
1291328185838297088,SueSensus,921,941,2016-04-19 20:11:26,1,,Twitter for iPhone,@MattHancock How about you do your job of Health Secretary and implement the Zelenko Protocol? Save lives and stop‚Ä¶ https://t.co/caCwDN6Jqt,,False,https://twitter.com/SueSensus/status/1291328185838297088
1291328146432647169,mHKP3IROC2a0wdB,867,329,2020-04-24 00:03:51,0,,Twitter for Android,"@KKeneally @ScottMorrisonMP @PeterDutton_MP Those against HCQ are either anti-Trump, pro-CCP, or have a conflict of‚Ä¶ https://t.co/oGaGIAfJlX",,False,https://twitter.com/mHKP3IROC2a0wdB/status/1291328146432647169
1291328045371002885,steph4freedom,821,363,2009-02-03 02:08:37,443,,Twitter for iPhone,RT @richardursomd: I have a lot of older patients. They are living in complete fear of this virus. The message they hear is ‚ÄúCOVID IS HUNTI‚Ä¶,,False,https://twitter.com/steph4freedom/status/1291328045371002885
1291328032112689153,yuanxiangtang,4858,1648,2019-06-06 09:12:41,7,,Twitter for Android,"RT @David_F_Priest: @drsimonegold Those against HCQ are either anti-Trump, pro-CCP, or have a conflict of interest seeking to gain financia‚Ä¶",,False,https://twitter.com/yuanxiangtang/status/1291328032112689153
1291328017910833153,mHKP3IROC2a0wdB,867,329,2020-04-24 00:03:51,1,,Twitter for Android,"@ellymelly Those against HCQ are either anti-Trump, pro-CCP, or have a conflict of interest seeking to gain financi‚Ä¶ https://t.co/RL7UgWSRmE",,False,https://twitter.com/mHKP3IROC2a0wdB/status/1291328017910833153
1291327895504207874,mHKP3IROC2a0wdB,867,329,2020-04-24 00:03:51,0,,Twitter for Android,"@AFP Those against HCQ are either anti-Trump, pro-CCP, or have a conflict of interest seeking to gain financially w‚Ä¶ https://t.co/ky43dJ97WO",,False,https://twitter.com/mHKP3IROC2a0wdB/status/1291327895504207874
1291327877447708673,rowdygirlmel,3895,3724,2010-09-27 14:08:36,1,,Twitter for Android,"Read it. Let is sink in.
THEN READ IT AGAIN.

#FollowTheMoney
#HCQWorks https://t.co/QK9My5fvEQ",,False,https://twitter.com/rowdygirlmel/status/1291327877447708673
1291327820887519232,mHKP3IROC2a0wdB,867,329,2020-04-24 00:03:51,0,,Twitter for Android,"@SkyNewsAust @JoeBiden Those against HCQ are either anti-Trump, pro-CCP, or have a conflict of interest seeking to‚Ä¶ https://t.co/3dqJlBt8HD",,False,https://twitter.com/mHKP3IROC2a0wdB/status/1291327820887519232
1291327748472889344,mHKP3IROC2a0wdB,867,329,2020-04-24 00:03:51,8,,Twitter for Android,"RT @David_F_Priest: Those against HCQ are either anti-Trump, pro-CCP, or have a conflict of interest seeking to gain financially with profi‚Ä¶",,False,https://twitter.com/mHKP3IROC2a0wdB/status/1291327748472889344
1291327237749239809,David_F_Priest,3723,1116,2014-09-08 02:46:06,8,,Twitter for iPad,"Those against HCQ are either anti-Trump, pro-CCP, or have a conflict of interest seeking to gain financially with p‚Ä¶ https://t.co/vwthbLbv5U",,False,https://twitter.com/David_F_Priest/status/1291327237749239809
1291327029174874113,freedom6413,530,583,2019-06-03 23:59:23,1385,,Twitter for Android,"RT @dockaurG: Watch this. 

Then watch it again.

Let what @drsimonegold is courageously saying sink in. Dr. Gold is bravely fighting for y‚Ä¶",,False,https://twitter.com/freedom6413/status/1291327029174874113
1291327026469548032,CloseCurtain,1217,678,2013-12-12 19:34:04,104,,Twitter Web App,RT @k_helca: @richardursomd @hugodejonge @ihoepelm @SchuitemakerH @zev_dr @MinVWS @jack @gjknoops @rivm @MinPres #ZelenkoProtocol #COVID19‚Ä¶,,False,https://twitter.com/CloseCurtain/status/1291327026469548032
1291326628438540290,VvcS2ri4r2AJknA,182,1498,2020-04-23 21:57:39,7,,Twitter for iPhone,"RT @David_F_Priest: @drsimonegold Those against HCQ are either anti-Trump, pro-CCP, or have a conflict of interest seeking to gain financia‚Ä¶",,False,https://twitter.com/VvcS2ri4r2AJknA/status/1291326628438540290
1291326069488807936,David_F_Priest,3723,1116,2014-09-08 02:46:06,7,,Twitter for iPad,"@drsimonegold Those against HCQ are either anti-Trump, pro-CCP, or have a conflict of interest seeking to gain fina‚Ä¶ https://t.co/UYUQj6UhUH",,False,https://twitter.com/David_F_Priest/status/1291326069488807936
1291325982809313280,Huahelen2,238,9,2020-04-12 04:33:38,443,,Twitter for iPhone,RT @richardursomd: I have a lot of older patients. They are living in complete fear of this virus. The message they hear is ‚ÄúCOVID IS HUNTI‚Ä¶,,False,https://twitter.com/Huahelen2/status/1291325982809313280
1291325953486929922,Bambam04936952,107,9,2020-07-30 03:37:02,443,,Twitter Web App,RT @richardursomd: I have a lot of older patients. They are living in complete fear of this virus. The message they hear is ‚ÄúCOVID IS HUNTI‚Ä¶,,False,https://twitter.com/Bambam04936952/status/1291325953486929922
1291325923489386498,TaBlooms,549,276,2011-04-01 19:48:31,74,,Twitter for iPhone,"RT @paulmuaddib61: ‚ÄºÔ∏èPLEASE READ. THIS IS VERY IMPORTANT‚ÄºÔ∏è
#HCQWorks  Please spread this information 

Go to ""Search Twtter"" (top right) üëâ#‚Ä¶",,False,https://twitter.com/TaBlooms/status/1291325923489386498
1291325366683000834,M_Iavecchia,359,62,2011-10-14 00:21:54,0,,Twitter Web App,"@EmbryEthan Mr Trump, reopen this Country!
#FakeChineseVirusCrisis
#MasksOffAmerica 
#GoBackToSchool
#GoBackToWork‚Ä¶ https://t.co/eAaWPnRCnh",,False,https://twitter.com/M_Iavecchia/status/1291325366683000834
1291325329072631813,MauriNewWorld,416,617,2017-05-08 19:56:20,47,,Twitter Web App,"RT @paulmuaddib61: üëâ#HCQWorks   Effective Against SARS-CoV   Part 2‚É£
üëâ#QPlusNews https://t.co/QUjQReaLlN",,False,https://twitter.com/MauriNewWorld/status/1291325329072631813
1291324198216970245,kim_lakin,358,245,2013-11-03 20:33:24,1385,,Twitter for iPhone,"RT @dockaurG: Watch this. 

Then watch it again.

Let what @drsimonegold is courageously saying sink in. Dr. Gold is bravely fighting for y‚Ä¶",,False,https://twitter.com/kim_lakin/status/1291324198216970245
1291324064095584259,lindamluvspotus,11696,10891,2019-10-06 21:11:45,1385,,Twitter for iPhone,"RT @dockaurG: Watch this. 

Then watch it again.

Let what @drsimonegold is courageously saying sink in. Dr. Gold is bravely fighting for y‚Ä¶",,False,https://twitter.com/lindamluvspotus/status/1291324064095584259
1291324016712658944,k_helca,1279,430,2020-04-05 16:06:28,1,,Twitter Web App,RT @k_helca: @DKleinmed @richardursomd @hugodejonge @ihoepelm @SchuitemakerH @zev_dr @MinVWS @jack @gjknoops @rivm @MinPres @koninklijkhuis‚Ä¶,,False,https://twitter.com/k_helca/status/1291324016712658944
1291323959657541633,k_helca,1279,430,2020-04-05 16:06:28,1,,Twitter Web App,@DKleinmed @richardursomd @hugodejonge @ihoepelm @SchuitemakerH @zev_dr @MinVWS @jack @gjknoops @rivm @MinPres‚Ä¶ https://t.co/Y7w9Zv06oZ,,False,https://twitter.com/k_helca/status/1291323959657541633
1291323902489239555,fbag_mag,52821,52312,2009-04-11 13:51:02,443,,Twitter for iPhone,RT @richardursomd: I have a lot of older patients. They are living in complete fear of this virus. The message they hear is ‚ÄúCOVID IS HUNTI‚Ä¶,,False,https://twitter.com/fbag_mag/status/1291323902489239555
1291323872009162752,cherrietaz2,306,179,2017-02-23 21:18:09,1385,,Twitter Web App,"RT @dockaurG: Watch this. 

Then watch it again.

Let what @drsimonegold is courageously saying sink in. Dr. Gold is bravely fighting for y‚Ä¶",,False,https://twitter.com/cherrietaz2/status/1291323872009162752
1291323813960003586,ZacharyMPinon,789,230,2012-11-07 12:10:19,1385,,Twitter for Android,"RT @dockaurG: Watch this. 

Then watch it again.

Let what @drsimonegold is courageously saying sink in. Dr. Gold is bravely fighting for y‚Ä¶",,False,https://twitter.com/ZacharyMPinon/status/1291323813960003586
1291323396425482240,MichaelHeaven8,0,3,2019-12-17 09:12:38,0,,Twitter Web App,"The End Times are really here. Truth vs Lie.
Bless
#HCQworks
#God
#Allah
#Yahweh
the
#Angel
#Heaven
#Religion
Right‚Ä¶ https://t.co/wtDQDNS6cc",,False,https://twitter.com/MichaelHeaven8/status/1291323396425482240
1291322895914983425,KatiemacCHP,3268,3198,2019-08-05 14:00:44,1385,,Twitter Web App,"RT @dockaurG: Watch this. 

Then watch it again.

Let what @drsimonegold is courageously saying sink in. Dr. Gold is bravely fighting for y‚Ä¶",,False,https://twitter.com/KatiemacCHP/status/1291322895914983425
1291322794953801728,Quatech7,333,254,2020-04-09 15:57:13,1385,,Twitter for Android,"RT @dockaurG: Watch this. 

Then watch it again.

Let what @drsimonegold is courageously saying sink in. Dr. Gold is bravely fighting for y‚Ä¶",,False,https://twitter.com/Quatech7/status/1291322794953801728
1291322772166193160,Jonathansheag7,503,67,2017-01-08 11:37:01,1385,,Twitter for Android,"RT @dockaurG: Watch this. 

Then watch it again.

Let what @drsimonegold is courageously saying sink in. Dr. Gold is bravely fighting for y‚Ä¶",,False,https://twitter.com/Jonathansheag7/status/1291322772166193160
1291322525562081282,VBofPerth,972,750,2011-06-01 10:00:29,1385,,Twitter Web App,"RT @dockaurG: Watch this. 

Then watch it again.

Let what @drsimonegold is courageously saying sink in. Dr. Gold is bravely fighting for y‚Ä¶",,False,https://twitter.com/VBofPerth/status/1291322525562081282
1291321809581690881,shanto12,587,185,2009-08-17 20:59:11,0,,Twitter Web App,@gbow18912201 @FakeBrianPacos @NoToAltFacts1 @realDonaldTrump On top of that there are thousands of patient testimo‚Ä¶ https://t.co/6WTbIlmvon,,False,https://twitter.com/shanto12/status/1291321809581690881
1291321707513487360,VdarknessF,15478,34008,2020-01-18 05:14:52,74,,Twitter for Android,"RT @paulmuaddib61: ‚ÄºÔ∏èPLEASE READ. THIS IS VERY IMPORTANT‚ÄºÔ∏è
#HCQWorks  Please spread this information 

Go to ""Search Twtter"" (top right) üëâ#‚Ä¶",,False,https://twitter.com/VdarknessF/status/1291321707513487360
1291320942317178880,JuliePorterj4,2484,2960,2016-07-30 00:04:52,1385,,Twitter for iPhone,"RT @dockaurG: Watch this. 

Then watch it again.

Let what @drsimonegold is courageously saying sink in. Dr. Gold is bravely fighting for y‚Ä¶",,False,https://twitter.com/JuliePorterj4/status/1291320942317178880
1291320657263964160,NevilleHiatt,191,83,2014-01-03 03:07:12,0,,Hootsuite Inc.,‚ÄúWhen have you ever heard of a medication generating this degree of controversy? A 65 year old medication that's be‚Ä¶ https://t.co/YMXjNISd78,,False,https://twitter.com/NevilleHiatt/status/1291320657263964160
1291320399045824513,danijmandella,828,197,2016-09-26 13:10:40,1385,,Twitter Web App,"RT @dockaurG: Watch this. 

Then watch it again.

Let what @drsimonegold is courageously saying sink in. Dr. Gold is bravely fighting for y‚Ä¶",,False,https://twitter.com/danijmandella/status/1291320399045824513
1291320379252842496,angrycanuck3,979,776,2018-04-12 13:42:11,1385,,Twitter for iPad,"RT @dockaurG: Watch this. 

Then watch it again.

Let what @drsimonegold is courageously saying sink in. Dr. Gold is bravely fighting for y‚Ä¶",,False,https://twitter.com/angrycanuck3/status/1291320379252842496
1291319980827574272,richdlr70,722,334,2016-07-07 03:57:04,104,,Twitter for iPhone,RT @k_helca: @richardursomd @hugodejonge @ihoepelm @SchuitemakerH @zev_dr @MinVWS @jack @gjknoops @rivm @MinPres #ZelenkoProtocol #COVID19‚Ä¶,,False,https://twitter.com/richdlr70/status/1291319980827574272
1291319796190060545,MattsBatt,101,82,2011-08-16 12:59:07,1,,Twitter Web App,RT @SueSensus: #HCQworks https://t.co/vQYNjUIHfJ,,False,https://twitter.com/MattsBatt/status/1291319796190060545
1291319772622344193,wrs1260,4485,4393,2015-10-21 19:59:57,83,,Twitter for iPhone,"RT @paulmuaddib61: @realDonaldTrump @GenFlynn üëâ#QPlusNewsüëà 
#HCQWorks for T2 Diabetes

""A favorable effect of HCQ on glucose &amp; lipid metabo‚Ä¶",,False,https://twitter.com/wrs1260/status/1291319772622344193
1291319265476382721,wrs1260,4485,4393,2015-10-21 19:59:57,83,,Twitter for iPhone,"RT @paulmuaddib61: @realDonaldTrump @GenFlynn üëâ#QPlusNewsüëà 
#HCQWorks for T2 Diabetes

‚ÄúA reduction in diabetes risk of up to 77% for patie‚Ä¶",,False,https://twitter.com/wrs1260/status/1291319265476382721
1291319041236381698,insightlogic1,1486,334,2019-09-08 03:34:18,42,,Twitter for Android,"RT @kate_hosso: @realDonaldTrump please help the American people get #HCQnow
#HCQworks

https://t.co/vvyGhaWHAb",,False,https://twitter.com/insightlogic1/status/1291319041236381698
1291318853906182145,mabneyforreal,591,429,2016-09-18 17:28:20,2,,Twitter for iPhone,"RT @tan123: ""The Mahidol Oxford Tropical Medicine Research Unit (MORU) has enrolled 40,000 frontline workers in Europe, Africa, Asia and So‚Ä¶",,False,https://twitter.com/mabneyforreal/status/1291318853906182145
1291318763682488320,julien0686,306,99,2015-02-22 20:28:09,0,,Twitter for Android,#Hydroxychloroquine #Raoult #Raoult_didier #coronavirus #HCQWorks #LancetGate #Veran #Hydroxycloroquineworks https://t.co/oBHlfCJCLU,,False,https://twitter.com/julien0686/status/1291318763682488320
1291318559465811968,duquette_tim,2174,1520,2018-03-05 21:55:12,1385,,Twitter for Android,"RT @dockaurG: Watch this. 

Then watch it again.

Let what @drsimonegold is courageously saying sink in. Dr. Gold is bravely fighting for y‚Ä¶",,False,https://twitter.com/duquette_tim/status/1291318559465811968
1291318343509651456,wrs1260,4485,4393,2015-10-21 19:59:57,45,,Twitter for iPhone,"RT @paulmuaddib61: ‚ÄºÔ∏èüëâ#HydrochlorideWorksüëà‚ÄºÔ∏èüëâ #QPlusNews 
Hydrochloride (Arbidol) as an alternative to #HCQWorks 

""Arbidol is able to subs‚Ä¶",,False,https://twitter.com/wrs1260/status/1291318343509651456
1291318174844149763,blesamerica,711,800,2014-05-30 12:14:01,1385,,Twitter for iPhone,"RT @dockaurG: Watch this. 

Then watch it again.

Let what @drsimonegold is courageously saying sink in. Dr. Gold is bravely fighting for y‚Ä¶",,False,https://twitter.com/blesamerica/status/1291318174844149763
1291318135199600641,FlyFrom,1685,2007,2009-03-27 18:16:30,443,,Twitter for Android,RT @richardursomd: I have a lot of older patients. They are living in complete fear of this virus. The message they hear is ‚ÄúCOVID IS HUNTI‚Ä¶,,False,https://twitter.com/FlyFrom/status/1291318135199600641
1291318060247330816,huettel_sheri,1775,1418,2019-01-21 14:22:44,443,,Twitter for Android,RT @richardursomd: I have a lot of older patients. They are living in complete fear of this virus. The message they hear is ‚ÄúCOVID IS HUNTI‚Ä¶,,False,https://twitter.com/huettel_sheri/status/1291318060247330816
1291317970321448961,mstephensonlane,450,292,2014-10-11 18:53:15,1385,,Twitter for Android,"RT @dockaurG: Watch this. 

Then watch it again.

Let what @drsimonegold is courageously saying sink in. Dr. Gold is bravely fighting for y‚Ä¶",,False,https://twitter.com/mstephensonlane/status/1291317970321448961
1291317833624948738,P43Bkx,59,123,2020-01-30 21:13:13,1385,,Twitter for Android,"RT @dockaurG: Watch this. 

Then watch it again.

Let what @drsimonegold is courageously saying sink in. Dr. Gold is bravely fighting for y‚Ä¶",,False,https://twitter.com/P43Bkx/status/1291317833624948738
1291317607283535872,Trumptill2064,1062,481,2019-12-30 00:04:28,1385,,Twitter for iPhone,"RT @dockaurG: Watch this. 

Then watch it again.

Let what @drsimonegold is courageously saying sink in. Dr. Gold is bravely fighting for y‚Ä¶",,False,https://twitter.com/Trumptill2064/status/1291317607283535872
1291317525918167040,tan123,1222,31701,2008-12-12 17:01:46,2,,TweetDeck,"""The Mahidol Oxford Tropical Medicine Research Unit (MORU) has enrolled 40,000 frontline workers in Europe, Africa,‚Ä¶ https://t.co/WeO0MrRCyY",,False,https://twitter.com/tan123/status/1291317525918167040
1291317458457047041,wrs1260,4485,4393,2015-10-21 19:59:57,396,,Twitter for iPhone,"RT @paulmuaddib61: #HCQWorks #QPlusNews 

HIV, Q fever, fungal infections, rheumatological, cardiovascular, kidney, diabetes, insulin, thro‚Ä¶",,False,https://twitter.com/wrs1260/status/1291317458457047041
1291317239036223490,Emma34770971,959,596,2020-03-20 22:59:55,6,,Twitter for iPhone,"RT @PoliticsPleb: What a surprise, @stella_immanuel and the other American doctors who put their livelihoods on the line were more than lik‚Ä¶",,False,https://twitter.com/Emma34770971/status/1291317239036223490
1291316918033485824,33stan33,19928,18399,2011-02-18 01:53:25,1385,,Twitter for iPhone,"RT @dockaurG: Watch this. 

Then watch it again.

Let what @drsimonegold is courageously saying sink in. Dr. Gold is bravely fighting for y‚Ä¶",,False,https://twitter.com/33stan33/status/1291316918033485824
1291316708557430785,ellimayradrep,17734,17683,2009-09-18 21:35:18,1385,,Twitter for Android,"RT @dockaurG: Watch this. 

Then watch it again.

Let what @drsimonegold is courageously saying sink in. Dr. Gold is bravely fighting for y‚Ä¶",,False,https://twitter.com/ellimayradrep/status/1291316708557430785
1291316274266542080,Sherrkay,777,215,2013-03-18 03:38:20,25,,Twitter Web App,RT @AmericanMD: New Dr Breggin blog: Around the world untold thousands of doctors and entire nations have been using hydroxychloroquine suc‚Ä¶,,False,https://twitter.com/Sherrkay/status/1291316274266542080
1291316259716583425,jtejes,852,394,2008-07-28 20:22:42,443,,Twitter for Android,RT @richardursomd: I have a lot of older patients. They are living in complete fear of this virus. The message they hear is ‚ÄúCOVID IS HUNTI‚Ä¶,,False,https://twitter.com/jtejes/status/1291316259716583425
1291316243438264321,MOS58111,5006,4637,2018-11-29 23:07:37,1385,,Twitter for Android,"RT @dockaurG: Watch this. 

Then watch it again.

Let what @drsimonegold is courageously saying sink in. Dr. Gold is bravely fighting for y‚Ä¶",,False,https://twitter.com/MOS58111/status/1291316243438264321
1291316117961617416,domien_in_GTA,614,407,2019-01-11 11:48:47,1385,,Twitter for iPad,"RT @dockaurG: Watch this. 

Then watch it again.

Let what @drsimonegold is courageously saying sink in. Dr. Gold is bravely fighting for y‚Ä¶",,False,https://twitter.com/domien_in_GTA/status/1291316117961617416
1291315975699271680,Jeh57John,16787,17036,2016-11-24 15:17:39,1385,,Twitter for iPad,"RT @dockaurG: Watch this. 

Then watch it again.

Let what @drsimonegold is courageously saying sink in. Dr. Gold is bravely fighting for y‚Ä¶",,False,https://twitter.com/Jeh57John/status/1291315975699271680
1291315750083473414,CoachHardin1,803,492,2013-11-27 04:23:39,1385,,Twitter for iPhone,"RT @dockaurG: Watch this. 

Then watch it again.

Let what @drsimonegold is courageously saying sink in. Dr. Gold is bravely fighting for y‚Ä¶",,False,https://twitter.com/CoachHardin1/status/1291315750083473414
1291315616431968256,kleinverzet,1265,1161,2009-10-20 21:24:17,1385,,Twitter for iPad,"RT @dockaurG: Watch this. 

Then watch it again.

Let what @drsimonegold is courageously saying sink in. Dr. Gold is bravely fighting for y‚Ä¶",,False,https://twitter.com/kleinverzet/status/1291315616431968256
1291315354535436288,emilia_suze,44047,52605,2017-04-06 23:39:57,1385,,Twitter for Android,"RT @dockaurG: Watch this. 

Then watch it again.

Let what @drsimonegold is courageously saying sink in. Dr. Gold is bravely fighting for y‚Ä¶",,False,https://twitter.com/emilia_suze/status/1291315354535436288
1291315224633581569,kerrypeters46,219,115,2015-02-12 18:50:45,1385,,Twitter for iPhone,"RT @dockaurG: Watch this. 

Then watch it again.

Let what @drsimonegold is courageously saying sink in. Dr. Gold is bravely fighting for y‚Ä¶",,False,https://twitter.com/kerrypeters46/status/1291315224633581569
1291314822559215617,RickspeedRs,496,378,2013-10-19 17:55:41,2,,Twitter for Android,RT @quodliberavem: Anti-TrumpLefties #JeremyVine and #DrSarahJarvis falsely claimed safe drug was dangerous to discredit Trump. #hcqworks #‚Ä¶,,False,https://twitter.com/RickspeedRs/status/1291314822559215617
1291314736252977153,angelah91110300,1668,734,2012-12-15 19:21:17,6,,Twitter for Android,"RT @PoliticsPleb: What a surprise, @stella_immanuel and the other American doctors who put their livelihoods on the line were more than lik‚Ä¶",,False,https://twitter.com/angelah91110300/status/1291314736252977153
1291314583899181057,fredeyragues,56,24,2020-04-21 22:55:12,5,,Twitter for iPhone,RT @PaulvLiere: @_JulietJohnson @GlendaMcRose #HCQWorks https://t.co/ZGYUsqJyEF,,False,https://twitter.com/fredeyragues/status/1291314583899181057
1291313944964014081,Lucy12Amelia,187,72,2020-02-17 23:21:36,83,,Twitter Web App,"RT @paulmuaddib61: @realDonaldTrump @GenFlynn üëâ#QPlusNewsüëà 
#HCQWorks for T2 Diabetes

""A favorable effect of HCQ on glucose &amp; lipid metabo‚Ä¶",,False,https://twitter.com/Lucy12Amelia/status/1291313944964014081
1291313798691934210,HD283271,31761,32046,2012-09-13 19:17:42,443,,Twitter Web App,RT @richardursomd: I have a lot of older patients. They are living in complete fear of this virus. The message they hear is ‚ÄúCOVID IS HUNTI‚Ä¶,,False,https://twitter.com/HD283271/status/1291313798691934210
1291313535474180096,LamontC76925238,249,64,2019-12-08 14:57:56,11,,Twitter Web App,"RT @tan123: ""There have been 51 studies that show HCQ is effective in treating the coronavirus"" #HCQWorks https://t.co/BVjz2wAuxy https://t‚Ä¶",,False,https://twitter.com/LamontC76925238/status/1291313535474180096
1291313143822585856,KarmaWilWinnn,347,225,2018-02-28 13:06:19,4,,Twitter for Android,"RT @IkNet: Steeds meer erkenning voor HCQ-AZ en de beslissing voor het gebruik terug bij arts en pati√´nt.
#HCQWORKS  @hugodejonge @MinPres",,False,https://twitter.com/KarmaWilWinnn/status/1291313143822585856
1291312814536167424,An0N_Acc0unt,298,109,2016-12-05 13:38:58,6,,Twitter Web App,"RT @PoliticsPleb: What a surprise, @stella_immanuel and the other American doctors who put their livelihoods on the line were more than lik‚Ä¶",,False,https://twitter.com/An0N_Acc0unt/status/1291312814536167424
1291312699868090368,Alantburn,133,82,2010-04-20 14:29:34,2,,Twitter for Android,RT @quodliberavem: Anti-TrumpLefties #JeremyVine and #DrSarahJarvis falsely claimed safe drug was dangerous to discredit Trump. #hcqworks #‚Ä¶,,False,https://twitter.com/Alantburn/status/1291312699868090368
1291312643190464514,Shabellki,164,116,2020-04-22 08:38:48,1385,,Twitter for Android,"RT @dockaurG: Watch this. 

Then watch it again.

Let what @drsimonegold is courageously saying sink in. Dr. Gold is bravely fighting for y‚Ä¶",,False,https://twitter.com/Shabellki/status/1291312643190464514
1291312615734611969,TimOwensNP,519,329,2010-01-17 15:40:28,1385,,Twitter Web App,"RT @dockaurG: Watch this. 

Then watch it again.

Let what @drsimonegold is courageously saying sink in. Dr. Gold is bravely fighting for y‚Ä¶",,False,https://twitter.com/TimOwensNP/status/1291312615734611969
1291312338616934400,TimInEngland,896,330,2019-09-17 14:18:49,6,,Twitter for Android,"RT @PoliticsPleb: What a surprise, @stella_immanuel and the other American doctors who put their livelihoods on the line were more than lik‚Ä¶",,False,https://twitter.com/TimInEngland/status/1291312338616934400
1291312218710200321,zippitib,350,163,2009-11-11 20:27:50,25,,Twitter for iPhone,RT @tan123: #HCQWorks,,False,https://twitter.com/zippitib/status/1291312218710200321
1291312209939881984,truthswarm,2430,2540,2014-11-10 08:44:58,6,,Twitter Web App,"RT @PoliticsPleb: What a surprise, @stella_immanuel and the other American doctors who put their livelihoods on the line were more than lik‚Ä¶",,False,https://twitter.com/truthswarm/status/1291312209939881984
1291311759932788737,JamieGlazov,8174,39781,2011-05-03 16:38:01,1385,,Twitter Web App,"RT @dockaurG: Watch this. 

Then watch it again.

Let what @drsimonegold is courageously saying sink in. Dr. Gold is bravely fighting for y‚Ä¶",,False,https://twitter.com/JamieGlazov/status/1291311759932788737
1291311659701526528,xxjuly_,281,348,2012-02-17 03:54:40,525,,Twitter for iPhone,RT @James6hcp: Doctor says he and other physicians are afraid to speak out about the effectiveness of hydroxychloroquine for ‚ÄúFEAR of REPRI‚Ä¶,,False,https://twitter.com/xxjuly_/status/1291311659701526528
1291311640026083328,ChrisLeeha,154,247,2020-01-23 04:56:56,396,,Twitter for Android,"RT @paulmuaddib61: #HCQWorks #QPlusNews 

HIV, Q fever, fungal infections, rheumatological, cardiovascular, kidney, diabetes, insulin, thro‚Ä¶",,False,https://twitter.com/ChrisLeeha/status/1291311640026083328
1291311267093848067,PoliticsPleb,797,1655,2019-11-18 18:44:59,6,,Twitter Web App,"What a surprise, @stella_immanuel and the other American doctors who put their livelihoods on the line were more th‚Ä¶ https://t.co/InkqIT3ZVs",,False,https://twitter.com/PoliticsPleb/status/1291311267093848067
1291310422625333249,vlm0134,263,83,2012-01-30 21:06:07,844,,Twitter for iPhone,"RT @OSTERElizabeth1: Le tableau de la honte! A tous les anti #Raoult, anti #Hydroxychloroquine, pro #Gilead #NoFakemed et trolls en tout ge‚Ä¶",,False,https://twitter.com/vlm0134/status/1291310422625333249
1291310017115820033,Technocorp,475,296,2011-03-10 15:20:53,1385,,Twitter Web App,"RT @dockaurG: Watch this. 

Then watch it again.

Let what @drsimonegold is courageously saying sink in. Dr. Gold is bravely fighting for y‚Ä¶",,False,https://twitter.com/Technocorp/status/1291310017115820033
1291309243413540867,wayneschultz75,317,148,2015-01-23 19:47:45,1385,,Twitter for iPhone,"RT @dockaurG: Watch this. 

Then watch it again.

Let what @drsimonegold is courageously saying sink in. Dr. Gold is bravely fighting for y‚Ä¶",,False,https://twitter.com/wayneschultz75/status/1291309243413540867
1291307454932963330,Unite2020_NL,173,64,2020-06-05 08:01:07,0,,Twitter Web App,"@RTLnieuws Ik ben wel benieuwd of kamerleden worden/zijn getest en wat de uitslag was?
En wat zij (gaan) gebruiken‚Ä¶ https://t.co/dbihJQ4giE",,False,https://twitter.com/Unite2020_NL/status/1291307454932963330
1291305946258366465,cq2101,53684,54734,2016-03-30 04:31:04,83,,Twitter for iPhone,"RT @paulmuaddib61: @realDonaldTrump @GenFlynn üëâ#QPlusNewsüëà 
#HCQWorks for T2 Diabetes

""A favorable effect of HCQ on glucose &amp; lipid metabo‚Ä¶",,False,https://twitter.com/cq2101/status/1291305946258366465
1291305059825983488,cq2101,53684,54734,2016-03-30 04:31:04,47,,Twitter for iPhone,"RT @paulmuaddib61: üëâ#HCQWorks   Effective Against SARS-CoV   Part 2‚É£
üëâ#QPlusNews https://t.co/QUjQReaLlN",,False,https://twitter.com/cq2101/status/1291305059825983488
1291304788374753284,cq2101,53684,54734,2016-03-30 04:31:04,64,,Twitter for iPhone,"RT @paulmuaddib61: üëâ#HCQWorks   Effective Against SARS-CoV   Part 3‚É£
üëâ#QPlusNews https://t.co/wTncVhlcpw",,False,https://twitter.com/cq2101/status/1291304788374753284
1291304407238311937,usfuture2,10,10,2019-07-01 16:33:16,0,,Twitter Web App,"Advance-Heaven, Ignorance-Hell.
The End Times are really here.
Bless
#HCQworks
#God
#Allah
#Yahweh
the
#Angel‚Ä¶ https://t.co/06j7ZXZ1Kp",,False,https://twitter.com/usfuture2/status/1291304407238311937
1291303687982329856,zedbyrne,509,95,2013-10-06 16:01:06,1385,,Twitter for iPhone,"RT @dockaurG: Watch this. 

Then watch it again.

Let what @drsimonegold is courageously saying sink in. Dr. Gold is bravely fighting for y‚Ä¶",,False,https://twitter.com/zedbyrne/status/1291303687982329856
1291302629927030787,pegalomania,3516,3744,2016-11-22 21:19:51,1385,,Twitter Web App,"RT @dockaurG: Watch this. 

Then watch it again.

Let what @drsimonegold is courageously saying sink in. Dr. Gold is bravely fighting for y‚Ä¶",,False,https://twitter.com/pegalomania/status/1291302629927030787
1291302466340794369,SuzieMoonLily,40,160,2017-02-15 09:56:53,1385,,Twitter for iPhone,"RT @dockaurG: Watch this. 

Then watch it again.

Let what @drsimonegold is courageously saying sink in. Dr. Gold is bravely fighting for y‚Ä¶",,False,https://twitter.com/SuzieMoonLily/status/1291302466340794369
1291302440935936001,KAILIBRIGHT,77,217,2012-02-07 03:41:48,0,,Twitter Web App,"@drsimonegold @HallelujahHC You are the Medical Gold Standard.‚≠ê
Thank you so much for your bravery and bold directi‚Ä¶ https://t.co/s8XH7ApSKV",,False,https://twitter.com/KAILIBRIGHT/status/1291302440935936001
1291302436687290369,RonSowers1,2124,1715,2017-01-21 18:16:45,1385,,Twitter Web App,"RT @dockaurG: Watch this. 

Then watch it again.

Let what @drsimonegold is courageously saying sink in. Dr. Gold is bravely fighting for y‚Ä¶",,False,https://twitter.com/RonSowers1/status/1291302436687290369
